hagiografía,f. Historia de las vidas de los santos
entrometer,tr. entremeter. U. t. c. prnl.
maquillar,tr. Aplicar cosméticos a alguien o a una parte de su cuerpo especialmente su rostro para embellecer o modificar su aspecto U. t. c. prnl.
ukelele,m. Instrumento musical de cuerda popularizado desde el archipiélago estadounidense de parecido a la guitarra pero de menor tamaño
bechamel,f. besamel.
zancada,f. Paso largo que se da con movimiento acelerado o por tener las piernas largas
prolongar,tr. Alargar dilatar o extender algo a lo largo U. t. c. prnl.
investigar,tr. Indagar para descubrir algo
laboratorio,m. Lugar dotado de los medios necesarios para realizar investigaciones experimentos y trabajos de carácter científico o técnico
oxígeno,m. Elemento químico gaseoso de núm. atóm. incoloro inodoro insípido y muy reactivo presente en todos los seres vivos esencial para la respiración y para los procesos de combustión que forma parte del agua de los óxidos y de casi todos los ácidos y sustancias orgánicas y constituye casi una quinta parte del aire atmosférico en su forma molecular 2 Símb.
transportar,tr. Llevar a alguien o algo de un lugar a otro
soñador,adj. Que sueña mucho
cimarrón,adj. Dicho de un animal doméstico Que huye al campo y se hace montaraz
recuperar,tr. Volver a tomar o adquirir lo que antes se tenía
mentira,f. Expresión o manifestación contraria a lo que se sabe se piensa o se siente
célebre,adj. famoso conocido y admirado por su excelencia
anteojo,m. Instrumento óptico que mediante un tubo con dos lentes situadas en sus extremos amplía las imágenes de los objetos lejanos
dignidad,f. Cualidad de digno
gradual,adj. Que está por grados o va de grado en grado
planear,tr. Trazar o formar el plan de una obra
imperio,m. Acción de imperar mandar
obstruir,tr. Estorbar el paso cerrar un conducto o camino
delicia,f. Placer muy intenso del ánimo
notificar,tr. Dar noticia de algo o hacerlo saber con propósito cierto
milagro,m. Hecho no explicable por las leyes naturales y que se atribuye a intervención sobrenatural de origen divino
legitimidad,f. Cualidad de legítimo
sanción,f. Pena que una ley o un reglamento establece para sus infractores
localizar,tr. Fijar encerrar en límites determinados U. t. c. prnl.
emprender,tr. Acometer y comenzar una obra un negocio un empeño especialmente si encierran dificultad o peligro
alimentar,tr. Dar alimento a un ser vivo
simular,tr. Representar algo fingiendo o imitando lo que no es
ovacionar,tr. Aclamar tributar una ovación
enfadar,tr. Causar enfado U. t. c. prnl.
escopeta,f. Arma de fuego portátil con uno o dos cañones que dispara cartuchos o perdigones y suele utilizarse para cazar
fotografía,f. Procedimiento o técnica que permite obtener imágenes fijas de la realidad mediante la acción de la luz sobre una superficie sensible o sobre un sensor
retrato,m. Pintura o efigie principalmente de una persona
circuito,m. Terreno comprendido dentro de un perímetro cualquiera
discreción,f. Sensatez para formar juicio y tacto para hablar u obrar
obsequio,m. Acción de obsequiar
hendidura,f. Corte en una superficie o en un cuerpo sólido cuando no llega a dividirlos del todo
obsesión,f. Perturbación anímica producida por una idea fija
venerable,adj. Digno de veneración de respeto
decisión,f. Determinación resolución que se toma o se da en una cosa dudosa
olvidar,tr. Dejar de retener en la mente algo o a alguien   U. t. c. intr.
prisión,f. Acción de prender agarrar
iluminar,tr. Alumbrar dar luz o bañar de resplandor
homeopatía,f. Práctica que consiste en administrar a alguien en dosis mínimas las mismas sustancias que en mayores cantidades producirían supuestamente en la persona sana síntomas iguales o parecidos a los que se trata de combatir
reservar,tr. Guardar algo para lo futuro
omnipotencia,f. Cualidad de omnipotente
hambruna,f. hambre escasez generalizada de alimentos
gastronomía,f. Arte de preparar una buena comida
vaticinar,tr. Pronosticar adivinar profetizar
rejilla,f. Entramado de metal madera u otro material que generalmente enmarcado en un hueco permite el paso del aire la luz la voz etc.
curiosidad,f. Cualidad de curioso
dimensión,f. Magnitud medible en un espacio
ocurrir,intr. Prevenir anticiparse o salir al encuentro
abismal,adj. Perteneciente o relativo al abismo
fraccionar,tr. Dividir algo en partes o fracciones U. t. c. prnl.
fusilar,tr. Ejecutar a alguien con una descarga de fusilería
institucional,adj. Perteneciente o relativo a una institución o a instituciones políticas religiosas sociales etc.
heredar,tr. Recibir algo a la muerte de su poseedor por disposición testamentaria o legal
suponer,tr. Considerar como cierto o real algo a partir de los indicios que se tienen
unipersonal,adj. Que consta de una sola persona
utilería,f. Conjunto de útiles
antorcha,f. Utensilio para alumbrar consistente en un leño resinoso un haz de mechas de esparto u otro objeto semejante que impregnado en alquitrán u otra materia combustible arde por un extremo mientras se puede agarrar con la mano por el otro
hospital,m. Establecimiento destinado al diagnóstico y tratamiento de enfermos donde a menudo se practican la investigación y la docencia
fractura,f. Acción y efecto de fracturar
mejorar,tr. Adelantar acrecentar algo haciéndolo pasar a un estado mejor
encuesta,f. Conjunto de preguntas tipificadas dirigidas a una muestra representativa de grupos sociales para averiguar estados de opinión o conocer otras cuestiones que les afectan
ostentar,tr. Mostrar o hacer patente algo
bicarbonato,m. Quím. Sal ácida del ácido carbónico
vacilación,f. Acción y efecto de vacilar
habitación,f. Acción y efecto de habitar
kilográmetro,m. Mec. p. us. Unidad de trabajo mecánico o esfuerzo equivalente al capaz de levantar kilogramo a metro de altura
fanatizar,tr. Provocar o causar fanatismo
federación,f. Acción de federar o federarse
increíble,adj. Que no puede creerse
nihilista,adj. Que profesa el nihilismo U. t. c. s.
gratificación,f. Recompensa pecuniaria de un servicio eventual
masajear,tr. Dar masaje
instruir,tr. Enseñar doctrinar
generosidad,f. Cualidad de generoso
estándar,adj. Que sirve como tipo modelo norma patrón o referencia
nominalizar,tr. Gram. Convertir en nombre una palabra o un grupo de palabras p. ej.,  de  U. t. c. prnl.
restaurante,m. Establecimiento público donde se sirven comidas y bebidas mediante precio para ser consumidas en el mismo local
vigente,adj. Dicho de una ley de una ordenanza de un estilo o de una costumbre Que está en vigor y observancia
angustia,f. Aflicción congoja ansiedad
intimidad,f. Amistad íntima
monopolio,m. Concesión otorgada por la autoridad competente a una empresa para que esta aproveche con carácter exclusivo alguna industria o comercio
producto,m. Cosa producida
revisar,tr. Ver con atención y cuidado
ventaja,f. Superioridad o mejoría de alguien o algo respecto de otra persona o cosa
machista,adj. Perteneciente o relativo al machismo
aceptar,tr. Recibir voluntariamente o sin oposición lo que se da ofrece o encarga
naturalismo,m. Esc.  Tendencia a la representación fiel y descarnada de la realidad
memorable,adj. Digno de memoria
progresar,intr. Avanzar mejorar hacer adelantos en determinada materia
entraña,f. Cada uno de los órganos contenidos en las principales cavidades del cuerpo humano y de los animales
opcional,adj. Optativo no obligatorio
monumental,adj. Perteneciente o relativo a un monumento obra pública
fruncir,tr. Arrugar la frente y las cejas en señal de desabrimiento o de ira
neocolonialismo,m. Predominio e influencia determinantes especialmente en el campo de la economía por parte de antiguas potencias coloniales naciones poderosas y empresas internacionales sobre países descolonizados o en vías de desarrollo
medicar,tr. Administrar o prescribir medicinas U. t. c. prnl.
infantil,adj. Perteneciente o relativo a la infancia o a los niños
sintetizar,tr. Hacer síntesis de algo
precipicio,m. Despeñadero por cuya proximidad no se puede andar sin riesgo de caer
pregunta,f. Interrogación que se hace para que alguien responda lo que sabe de un negocio u otra cosa
uniformar,tr. Hacer uniformes dos o más cosas U. t. c. prnl.
verificar,tr. Comprobar o examinar la verdad de algo
hebilla,f. Pieza de metal o de otra materia generalmente con uno o varios clavos articulados en una varilla que la cierra por un lado los cuales sujetan la correa cinta etc., que pasa por dicha pieza
obligación,f. Aquello que alguien está obligado a hacer
urgencia,f. Cualidad de urgente
teléfono,m. Conjunto de aparatos e hilos conductores con los cuales se transmite a distancia la palabra y toda clase de sonidos por la acción de la electricidad
jurisprudencia,f. Ciencia del derecho
suceder,tr. Ir detrás de alguien o de algo seguirlo en el tiempo o en el espacio  Era
ejército,m. Conjunto de fuerzas aéreas o terrestres de una nación
mencionar,tr. Hacer mención de alguien o algo
neurosis,f. Med. Enfermedad funcional del sistema nervioso caracterizada principalmente por inestabilidad emocional
quesadilla,f. Cierto género de pastel compuesto de queso y masa
zapatilla,f. Calzado cómodo y ligero de paño piel etc., y con suela delgada que se usa para estar en casa
primaveral,adj. Perteneciente o relativo a la primavera
xerocopia,f. Copia fotográfica obtenida por medio de la xerografía
ungüento,m. Todo aquello que sirve para ungir o untar
perfumar,tr. Sahumar aromatizar algo quemando materias olorosas U. t. c. prnl.
aplicar,tr. Poner algo sobre otra cosa o en contacto de otra cosa
pirámide,f. Sólido que tiene por base un polígono cualquiera y cuyas caras tantas en número como los lados de aquel son triángulos que se juntan en un solo punto llamado vértice
intensidad,f. Grado de fuerza con que se manifiesta un agente natural una magnitud física una cualidad una expresión etc.
cerebro,m. Uno de los centros nerviosos constitutivos del encéfalo existente en todos los vertebrados y situado en la parte anterior y superior de la cavidad craneal
quiniela,f. Juego de pelota entre cinco jugadores
hazmerreír,m. coloq. Persona que por su figura ridícula y porte extravagante sirve de diversión a los demás
peculiar,adj. Propio o privativo de cada persona o cosa
resarcir,tr. Indemnizar reparar compensar un daño perjuicio o agravio U. t. c. prnl.
accionar,tr. Poner en funcionamiento un mecanismo o parte de él dar movimiento
inusual,adj. No usual infrecuente
ecosistema,m. Ecol. Sistema ecológico constituido por un medio y los seres vivos que habitan en él así como por sus relaciones mutuas
variable,adj. Que varía o puede variar
idolatrar,tr. Adorar ídolos
judicial,adj. Perteneciente o relativo al juicio a la administración de justicia o a la judicatura
reportar,tr. Refrenar reprimir o moderar una pasión de ánimo o a quien la tiene U. m. c. prnl.
amigable,adj. Dicho de una persona Afable inclinada a la amistad
quechua,adj. Dicho de una persona De un pueblo indígena que al tiempo de la colonización del habitaba la región del y por ext., de otros indígenas pertenecientes al Imperio incaico U. t. c. s.
impulso,m. Acción y efecto de impulsar
tradicional,adj. Perteneciente o relativo a la tradición
estatal,adj. Perteneciente o relativo al Estado
razonable,adj. Adecuado conforme a razón
humildad,f. Virtud que consiste en el conocimiento de las propias limitaciones y debilidades y en obrar de acuerdo con este conocimiento
entrevista,f. Acción y efecto de entrevistar o entrevistarse
insignificante,adj. De escasa importancia o relevancia
balanza,f. Aparato que sirve para pesar
transferir,tr. Pasar o llevar algo desde un lugar a otro
ensayar,tr. Probar reconocer algo antes de usarlo
trueque,m. Acción y efecto de trocar o trocarse
persuadir,tr. Inducir mover obligar a alguien con razones a creer o hacer algo U. t. c. prnl.
gruñido,m. Voz del cerdo
cerveza,f. Bebida alcohólica hecha con granos germinados de cebada u otros cereales fermentados en agua y aromatizada con lúpulo boj casia etc.
corromper,tr. Alterar y trastrocar la forma de algo U. t. c. prnl.
sonriente,adj. Que sonríe
escabullir,intr. p. us. Salir de un encierro de una enfermedad o de un peligro
unidireccional,adj. De una sola dirección
indagación,f. Acción y efecto de indagar
bachata,f. Canto popular dominicano
canción,f. Composición que se canta o hecha a propósito para que se le pueda poner música
ventilar,tr. Penetrar el aire o hacerlo correr en algún sitio U. t. c. prnl.
incipiente,adj. Que empieza
trastornar,tr. Invertir el orden regular de algo
imprimir,tr. Marcar en el papel o en otra materia las letras y otros caracteres gráficos mediante procedimientos adecuados
ingenio,m. Facultad del ser humano para discurrir o inventar con prontitud y facilidad
dinastía,f. Serie de príncipes soberanos pertenecientes a una familia
picante,adj. Que pica
notable,adj. Digno de nota atención o cuidado
gravitar,intr. Dicho de un cuerpo Moverse alrededor de otro por la atracción gravitatoria
utensilio,m. Objeto fabricado que se destina a un uso manual y doméstico U. m. en pl.
enfriar,tr. Poner o hacer que se ponga frío algo U. t. c. intr. y c. prnl.
yuguero,m. yuntero.
obesidad,f. Cualidad de obeso
traicionar,tr. Cometer traición
organización,f. Acción y efecto de organizar u organizarse
trayectoria,f. Línea descrita en el plano o en el espacio por un cuerpo en movimiento
eliminar,tr. Quitar o separar algo prescindir de
karaoke,m. Diversión consistente en interpretar una canción sobre un fondo musical grabado mientras se sigue la letra que aparece en una pantalla
muralla,f. Muro u obra defensiva que rodea una plaza fuerte o protege un territorio
solucionar,tr. Hacer que un problema una duda una dificultad o algo que los entraña dejen de existir  U. t. c. prnl.
catéter,m. Med. Sonda que se introduce por cualquier conducto del organismo natural o artificial para explorarlo o dilatarlo o para servir de guía y vehículo a otros instrumentos
bisagra,f. Herraje de dos piezas con un eje común que sirve para unir dos superficies permitiendo el giro de ambas o de una sobre la otra
monólogo,m. soliloquio.
nodriza,f. ama mujer que amamanta a una criatura ajena
valiente,adj. Fuerte y robusto en su línea
yeguada,f. Conjunto de ganado caballar
certeza,f. Conocimiento seguro y claro de algo
lingote,m. Trozo o barra de metal en bruto y principalmente de hierro plata oro o platino
quijada,f. Cada una de las dos mandíbulas de los vertebrados que tienen dientes
escoger,tr. Tomar o elegir una o más cosas o personas entre otras U. t. c. intr.
lámpara,f. Utensilio o aparato que colgado o sostenido sobre un pie sirve de soporte a una o varias luces artificiales
neuronal,adj. Anat. Perteneciente o relativo a la neurona
dialecto,m. Variedad de un idioma que no alcanza la categoría social de lengua
limpiar,tr. Quitar la suciedad o inmundicia de alguien o de algo U. t. c. prnl. U. t. en sent. fig.
jacuzzi,m. Bañera para hidromasaje
fotocopiar,tr. Reproducir algo mediante fotocopias
neceser,m. Caja o estuche con objetos de tocador costura etc.
ubicación,f. Acción y efecto de ubicar
dejadez,f. Pereza negligencia abandono de sí mismo o de las cosas propias
publicar,tr. Hacer notorio o patente por televisión radio periódicos o por otros medios algo que se quiere hacer llegar a noticia de todos
restringir,tr. Ceñir circunscribir reducir a menores límites
opuesto,adj. contrario que se muestra completamente diferente
jubilación,f. Acción y efecto de jubilar o jubilarse
germinación,f. Acción de germinar
renunciar,intr. Hacer dejación voluntaria dimisión o apartamiento de algo que se tiene o se puede tener  U. t. c. tr.
manipular,tr. Operar con las manos o con cualquier instrumento
durazno,m. duraznero variedad de melocotonero
frustración,f. Acción y efecto de frustrar
nanotecnología,f. Tecnología de los materiales y de las estructuras en la que el orden de magnitud se mide en nanómetros
tararear,tr. Cantar entre dientes y sin articular palabras
asistir,tr. Acompañar a alguien en un acto público
extender,tr. Hacer que algo ocupe un espacio mayor que el que antes ocupaba U. t. c. prnl.
monstruo,m. Ser que presenta anomalías o desviaciones notables respecto a su especie
obediente,adj. Que obedece
vejación,f. Acción y efecto de vejar
gobernar,tr. Mandar con autoridad o regir algo U. t. c. intr.
industria,f. Maña y destreza o artificio para hacer algo
yesería,f. Fábrica de yeso
exprimir,tr. Extraer el zumo o líquido de una cosa apretándola o retorciéndola
lúgubre,adj. fúnebre muy triste
quíntuple,adj. Cinco veces mayor o que contiene una cantidad cinco veces exactamente U. t. c. s. m.
proyectar,tr. Lanzar dirigir hacia delante o a distancia
solicitud,f. Acción y efecto de solicitar
waterpolo,m. Dep. Juego practicado en una piscina entre dos equipos de siete jugadores cada uno que consiste en introducir el balón con la mano en la portería contraria mientras se nada
dedicar,tr. Destinar algo a un fin determinado
unilateral,adj. Que se refiere o se circunscribe solamente a una parte o a un aspecto de algo
maniobra,f. Operación material que se ejecuta con las manos
hojuela,f. Fruta de sartén muy extendida y delgada
noquear,tr. Dep. En el boxeo dejar al adversario fuera de combate
veranear,intr. Pasar las vacaciones de verano en lugar distinto de aquel en que habitualmente se reside
tristeza,f. Cualidad de triste
circonio,m. Elemento químico metálico de núm. atóm. de color negro o gris acerado refractario mal conductor de la electricidad y de gran resistencia mecánica y a la corrosión no muy abundante en la corteza terrestre donde se encuentra casi siempre en forma de silicato en el circón y que se usa en lámparas de incandescencia y tubos de vacío así como en las industrias cerámica química aeronáutica y nuclear Símb.
sumergir,tr. Meter algo debajo del agua o de otro líquido U. t. c. prnl.
difícil,adj. Que presenta obstáculos impedimentos
levantar,tr. Mover hacia arriba algo U. t. c. prnl.
vitorear,tr. Aplaudir o aclamar con vítores a alguien o algo
sugerir,tr. Proponer o aconsejar algo
subsistir,intr. Dicho de una cosa Permanecer durar o conservarse
ocupación,f. Acción y efecto de ocupar u ocuparse
equivalente,adj. Dicho de una persona o de una cosa Que equivale a otra U. t. c. s. m.
trapecio,m. Palo horizontal suspendido de dos cuerdas por sus extremos y que sirve para ejercicios gimnásticos
herencia,f. Derecho a heredar
sospechar,tr. Imaginar algo por conjeturas fundadas en apariencias o indicios
prohibir,tr. Vedar o impedir el uso o la ejecución de algo
uniforme,adj. Dicho de dos o más cosas Que tienen la misma forma
filmoteca,f. Lugar donde se conservan los filmes para su estudio y exhibición
feminista,adj. Perteneciente o relativo al feminismo
abecedario,m. Serie ordenada de las letras de un idioma
relacionar,tr. Hacer relación de un hecho
terremoto,m. Sacudida violenta de la corteza y manto terrestres ocasionada por fuerzas que actúan en el interior de la Tierra
declarar,tr. Manifestar hacer público
inferir,tr. Deducir algo o sacarlo como conclusión de otra cosa
entorpecer,tr. Poner torpe U. t. c. prnl.
sostener,tr. Sustentar mantener firme algo U. t. c. prnl.
ómnibus,m. Vehículo de transporte colectivo para trasladar personas generalmente dentro de las poblaciones
ejercicio,m. Acción de ejercitar o ejercitarse
habilitar,tr. Hacer a alguien o algo hábil apto o capaz para una cosa determinada
hidratación,f. Acción y efecto de hidratar
fusionar,tr. Producir una fusión U. t. c. prnl.
disparo,m. Acción y efecto de disparar o dispararse
egoísmo,m. Inmoderado y excesivo amor a sí mismo que hace atender desmedidamente al propio interés sin cuidarse del de los demás
relevante,adj. Sobresaliente destacado
finitud,f. Cualidad de finito
persona,f. Individuo de la especie humana
lechuga,f. Planta herbácea de la familia de las compuestas con tallo ramoso de a cm de altura hojas grandes radicales blandas nerviosas trasovadas enteras o serradas flores en muchas cabezuelas y de pétalos amarillentos y fruto seco gris comprimido con una sola semilla Es originaria de la se cultiva en las huertas y hay de ella muchas variedades Las hojas son comestibles y del tallo se puede extraer abundante látex de sabor agradable
enjambre,m. Multitud de abejas con su maestra que juntas salen de una colmena para formar otra colonia
universidad,f. Institución de enseñanza superior que comprende diversas facultades y que confiere los grados académicos correspondientes Según las épocas y países puede comprender colegios institutos departamentos centros de investigación escuelas profesionales etc. Universidad de Salamanca,
flamear,tr. Rociar un alimento con un licor y prenderle fuego U. t. c. prnl.
ofender,tr. Humillar o herir el amor propio o la dignidad de alguien o ponerlo en evidencia con palabras o con hechos
redundante,adj. Que tiene redundancia
custodia,f. Acción y efecto de custodiar
extrañar,tr. Sentir la novedad de algo echando de menos lo que resulta habitual
gabardina,f. Tela resistente de tejido diagonal
informal,adj. Que no guarda las formas y reglas prevenidas
multiplicar,tr. Aumentar el número o la cantidad de cosas de la misma especie U. t. c. intr. y c. prnl., especialmente hablando de lo que se multiplica por generación U. t. en sent. fig.
vacante,adj. Que está sin ocupar
querellante,adj. Der. Que se querella U. t. c. s.
cenicero,m. Recipiente donde se dejan la ceniza y residuos del cigarro
embestir,tr. Ir con ímpetu sobre alguien o sobre algo  U. t. c. intr.  U. t. en sent. fig.
ilusión,f. Concepto imagen o representación sin verdadera realidad sugeridos por la imaginación o causados por engaño de los sentidos
novedad,f. Cualidad de nuevo
revolución,f. Acción y efecto de revolver o revolverse
unisonar,intr. desus. Dicho de varias voces o instrumentos Sonar al unísono o en el mismo tono
juguetear,intr. Jugar con algo para entretenerse o pasar el tiempo
nivelar,tr. Poner un plano en la posición horizontal justa
quemado,m. Rodal de monte consumido del todo o en parte por el fuego
mandato,m. Orden o precepto que el superior da a los súbditos
unánime,adj. Dicho de dos o más personas Que tienen un mismo parecer dictamen voluntad o sentimiento
corazón,m. Órgano de naturaleza muscular común a todos los vertebrados y a muchos invertebrados que actúa como impulsor de la sangre y que en el ser humano está situado en la cavidad torácica
enloquecer,tr. Hacer perder el juicio a alguien U. t. en sent. fig.
folclore,m. Conjunto de costumbres creencias artesanías canciones y otras cosas semejantes de carácter tradicional y popular
gatillo,m. Pieza del disparador de un arma que se aprieta con el dedo para hacerlo funcionar
vecindario,m. Conjunto de los vecinos de un municipio o solo de una población o de parte de ella
hacienda,f. Finca agrícola
florecer,intr. Echar flor U. t. c. tr.
dilucidar,tr. Aclarar y explicar un asunto especialmente si es confuso o controvertido para su posible resolución
ofertar,tr. En una promoción de ventas ofrecer durante tiempo limitado algún producto en condiciones ventajosas para el comprador
ultrajar,tr. Ajar o injuriar
frecuente,adj. Repetido a menudo
naranja,f. Fruto del naranjo de forma globosa de seis a ocho centímetros de diámetro corteza rugosa de color entre rojo y amarillo como el de la pulpa que está dividida en gajos y es comestible jugosa y de sabor agridulce
flexionar,tr. Hacer flexiones
martillar,tr. Batir y dar golpes con el martillo
rendimiento,m. Producto o utilidad que rinde o da alguien o algo
entristecer,tr. Causar tristeza a alguien U. t. c. intr.
neologismo,m. Ling. Vocablo acepción o giro nuevo en una lengua
lágrima,f. Cada una de las gotas que segrega la glándula lagrimal U. m. en pl.
sustraer,tr. Apartar separar extraer
repartir,tr. Distribuir algo dividiéndolo en partes
epidemia,f. Enfermedad que se propaga durante algún tiempo en una zona y afecta simultáneamente a gran número de personas
plataforma,f. Tablero horizontal descubierto y elevado sobre el suelo donde se colocan personas o cosas
indecisión,f. Falta de decisión
obnubilar,tr. nublar ofuscar o confundir U. t. c. prnl.
zanahoria,f. Planta herbácea umbelífera con flores blancas y purpúrea la central de la umbela con fruto seco y comprimido y raíz fusiforme de unos cm de largo amarilla o rojiza jugosa y comestible
mezclar,tr. Juntar unir incorporar algo con otra cosa confundiéndolos U. t. c. prnl.
introducir,tr. Conducir a alguien al interior de un lugar
hojalata,f. Lámina de hierro o acero estañada por las dos caras
quebrada,f. Paso estrecho entre montañas
neblina,f. Niebla poco espesa y baja
ulterior,adj. Situado de la parte de allá de un sitio o territorio
sistema,m. Conjunto de reglas o principios sobre una materia racionalmente enlazados entre sí
unificación,f. Acción y efecto de unificar
celeste,adj. Perteneciente o relativo al cielo
impecable,adj. Exento de tacha
graznido,m. Grito de algunas aves como el cuervo el grajo el ganso etc.
damasco,m. Tela fuerte de seda o lana y con dibujos formados por el tejido
exuberante,adj. Muy abundante y copioso
yacimiento,m. Sitio donde se halla naturalmente una roca un mineral o un fósil
ejecutar,tr. Poner por obra algo
soportar,tr. Sostener o llevar sobre sí una carga o peso
nudista,adj. Dicho de una persona Que practica el nudismo U. t. c. s.
insistente,adj. Que insiste
perdonar,tr. Dicho de quien ha sido perjudicado por Remitir la deuda ofensa falta delito u otra cosa
hepatitis,f. Inflamación del hígado
escultura,f. Arte de modelar tallar o esculpir en algunos materiales figuras en tres dimensiones
juventud,f. Período de la vida humana que precede inmediatamente a la madurez
quehacer,m. Ocupación negocio tarea que ha de hacerse U. m. en pl.
ansiedad,f. Estado de agitación inquietud o zozobra del ánimo
inaugurar,tr. Dar principio a una cosa con cierta solemnidad
onomatopeya,f. Formación de una palabra por imitación del sonido de aquello que designa
respirar,intr. Dicho de un ser vivo Absorber el aire por pulmones branquias tráquea etc., tomando parte de las sustancias que lo componen y expelerlo modificado U. t. c. tr.
reprochable,adj. Que puede reprocharse o es digno de reproche
inmunidad,f. Cualidad de inmune
remolino,m. Movimiento giratorio y rápido del aire el agua el polvo el humo etc.
observar,tr. Examinar atentamente
justicia,f. Principio moral que lleva a determinar que todos deben vivir honestamente
fealdad,f. Cualidad de feo
impaciencia,f. Intranquilidad producida por algo que molesta o que no acaba de llegar
ligereza,f. Presteza agilidad
admirar,tr. Causar sorpresa la vista o consideración de algo extraordinario o inesperado
dualidad,f. Existencia de dos caracteres o fenómenos distintos en una misma persona o en un mismo estado de cosas
bulimia,f. Gana insaciable de comer
obturar,tr. Tapar o cerrar una abertura o conducto introduciendo o aplicando un cuerpo
kiliárea,f. p. us. Superficie que tiene áreas o sea hectáreas
jerarca,m. Superior en la jerarquía eclesiástica
naftalina,f. Naftaleno utilizado contra la polilla y como desinfectante
tormenta,f. Perturbación atmosférica violenta acompañada de aparato eléctrico y viento fuerte lluvia nieve o granizo
multinacional,adj. Perteneciente o relativo a muchas naciones
pendiente,adj. Que pende
filtrar,tr. Hacer pasar algo por un filtro
unimembre,adj. De un solo miembro o elemento
oscilar,intr. Efectuar movimientos de vaivén a la manera de un péndulo o de un cuerpo colgado de un resorte o movido por él
lastimar,tr. Herir o hacer daño U. t. c. prnl.
hibernación,f. Estado fisiológico que se presenta en ciertos mamíferos como adaptación a condiciones invernales extremas con descenso de la temperatura corporal hasta cerca de ° y disminución general de las funciones metabólicas
suspirar,intr. Dar suspiros
continente,adj. Que contiene
liberación,f. Acción de poner en libertad
impermeable,adj. Impenetrable al agua o a otro fluido
botella,f. Recipiente de cristal vidrio plástico u otro material con el cuello estrecho que sirve para contener líquidos
usurpación,f. Acción y efecto de usurpar
encoger,tr. Retirar contrayendo algo especialmente el cuerpo o sus miembros U. t. c. prnl.
glamour,m. glamur.
someter,tr. Sujetar humillar a una persona una tropa o una facción U. t. c. prnl.
separar,tr. Establecer distancia o aumentarla entre algo o alguien y una persona animal lugar o cosa que se toman como punto de referencia U. t. c. prnl.
fundamental,adj. Que sirve de fundamento o es lo principal en algo
juramento,m. Afirmación o negación de algo poniendo por testigo a Dios o en sí mismo o en sus criaturas
incalculable,adj. Que no se puede calcular
negociar,intr. Tratar y comerciar comprando y vendiendo o cambiando géneros mercancías o valores para aumentar el caudal
dictaminar,intr. Dar dictamen
sensible,adj. Dicho de un ser vivo o de uno de sus órganos Capaz de experimentar sensaciones
enfrentamiento,m. Acción y efecto de enfrentar
visitar,tr. Ir a ver a alguien en el lugar en que se halla
elegancia,f. Cualidad de elegante
ortografía,f. Conjunto de normas que regulan la escritura de una lengua
xilófono,m. Instrumento musical de percusión formado por láminas generalmente de madera ordenadas horizontalmente según su tamaño y sonido que se hacen sonar golpeándolas con dos baquetas
sacrificar,tr. Ofrecer a una divinidad algo o a alguien en su honor generalmente destruyéndo o matándo
frambuesa,f. Fruto del frambueso semejante a la zarzamora algo velloso de olor fragante y suave y sabor agridulce muy agradable
sabotear,tr. Realizar actos de sabotaje sobre algo
prevención,f. Acción y efecto de prevenir
iniciar,tr. comenzar dar principio a algo
margarita,f. Planta herbácea de la familia de las compuestas de a cm de altura con hojas casi abrazadoras oblongas festoneadas hendidas en la base y flores terminales de centro amarillo y corola blanca que es muy común en los sembrados
quienquiera,pron. indef. m. y f. Cualquier persona o cualquiera  U. especialmente en Am.
resplandeciente,adj. Que resplandece
hectárea,f. Medida de superficie equivalente a áreas Símb.
validez,f. Cualidad de válido
frivolidad,f. Cualidad de frívolo
responsable,adj. Obligado a responder de algo o por alguien U. t. c. s.
violonchelo,m. Instrumento musical de cuerda tocado con arco más grande que la viola y más pequeño que el contrabajo y con un registro intermedio entre ambos El intérprete que está sentado lo coloca entre sus piernas para tocarlo
inmóvil,adj. Que no se mueve
yatagán,m. Especie de sable o alfanje que usan los orientales
granizo,m. Agua congelada que desciende con violencia de las nubes en granos más o menos duros y gruesos pero no en copos como la nieve
ideología,f. Conjunto de ideas fundamentales que caracteriza el pensamiento de una persona colectividad o época de un movimiento cultural religioso o político etc.
narración,f. Acción y efecto de narrar
párpado,m. Pliegue cutáneo retráctil que protege el globo ocular
hemisferio,m. Mitad de la superficie de la esfera terrestre que resulta al ser dividida esta por un círculo máximo especialmente el ecuador o un meridiano
gestación,f. Acción y efecto de gestar o gestarse
deambular,intr. Andar caminar sin dirección determinada
tropical,adj. Perteneciente o relativo a los trópicos
naufragar,intr. Dicho de una embarcación Irse a pique o perderse
neutral,adj. Que no participa de ninguna de las opciones en conflicto Apl. a pers., u. t. c. s.
rigidez,f. Cualidad de rígido
generar,tr. Producir causar algo
babucha,f. Calzado ligero y sin talón usado principalmente en países orientales y del norte de
religión,f. Conjunto de creencias o dogmas acerca de la divinidad de sentimientos de veneración y temor hacia ella de normas morales para la conducta individual y social y de prácticas rituales principalmente la oración y el sacrificio para darle culto
terminar,tr. Poner término a algo
xilofonista,m. y f. Persona que toca el xilófono
betabel,m. Méx. remolacha.
lentitud,f. Cualidad de lento
jalonar,tr. Establecer jalones U. t. en sent. fig.
significar,tr. Dicho de una cosa Ser por naturaleza imitación o convenio representación indicio o signo de otra cosa distinta
walkman,m. Reproductor portátil de casetes provisto de auriculares
berenjena,f. Planta anual de la familia de las solanáceas de a cm de altura ramosa con hojas grandes aovadas de color verde casi cubiertas de un polvillo blanco y llenas de aguijones flores grandes y de color morado y fruto aovado de diez a doce centímetros de largo cubierto por una película morada y lleno de una pulpa blanca dentro de la cual están las semillas
titilar,intr. Dicho de una parte del organismo animal Agitarse con ligero temblor
aguacate,m. Árbol de de la familia de las lauráceas de ocho a diez metros de altura con hojas alternas coriáceas siempre verdes flores dioicas y fruto comestible
entusiasta,adj. Que siente entusiasmo por alguien o algo U. t. c. s.
visceral,adj. Perteneciente o relativo a las vísceras
vestido,m. Prenda o conjunto de prendas exteriores con que se cubre el cuerpo
hegemonía,f. Supremacía que un Estado ejerce sobre otros
cinismo,m. Desvergüenza en el mentir o en la defensa y práctica de acciones o doctrinas vituperables
grandilocuencia,f. Elocuencia elevada o pomposa
guadaña,f. Instrumento para segar a ras de tierra constituido por una cuchilla alargada curva y puntiaguda sujeta a un mango largo que se maneja con las dos manos
valorar,tr. Señalar el precio de algo
protagonista,m. y f. En una obra teatral literaria o cinematográfica personaje principal de la acción
invasión,f. Acción y efecto de invadir
incoherente,adj. No coherente
acceder,intr. Consentir en lo que alguien solicita o quiere
natación,f. Acción y efecto de nadar
bullicio,m. Ruido y rumor que causa la concurrencia de mucha gente
admitir,tr. aceptar recibir voluntariamente
unicelular,adj. Que consta de una sola célula
omisión,f. Abstención de hacer o decir
quebracho,m. Nombre genérico de varias especies botánicas de árboles americanos de madera muy dura
desanimar,tr. desalentar quitar el ánimo U. t. c. prnl.
paralizar,tr. Causar parálisis U. t. c. prnl.
aprovechar,tr. Emplear útilmente algo hacerlo provechoso o sacarle el máximo rendimiento
ufología,f. Estudio de los fenómenos asociados a los ovnis
ucronía,f. cult. Reconstrucción de la historia sobre datos hipotéticos
mutilar,tr. Cortar o cercenar una parte del cuerpo y más particularmente del cuerpo viviente U. t. c. prnl.
litigar,tr. Pleitear disputar en juicio sobre algo
botarate,m. y f. Persona alborotada y de poco juicio U. t. c. adj.
calavera,f. Conjunto de los huesos de la cabeza mientras permanecen unidos pero despojados de la carne y de la piel
obtener,tr. Alcanzar conseguir y lograr algo que se merece solicita o pretende
interferir,tr. Cruzar interponer algo en el camino de otra cosa o en una acción U. t. c. prnl.
obstaculizar,tr. Impedir o dificultar la consecución de un propósito
nirvana,m. En algunas religiones de la estado resultante de la liberación de los deseos de la consciencia individual y de la reencarnación que se alcanza mediante la meditación y la iluminación
general,adj. Común a todos los individuos que constituyen un todo o a muchos objetos aunque sean de naturaleza diferente
urbanizar,tr. Acondicionar una porción de terreno y prepararlo para su uso urbano abriendo calles y dotándolas de luz pavimento y demás servicios
estable,adj. Que se mantiene sin peligro de cambiar caer o desaparecer
saludable,adj. Que sirve para conservar o restablecer la salud corporal
quitamanchas,m. y f. Persona que tiene por oficio quitar las manchas de las ropas
bacalao,m. Pez teleósteo anacanto de cuerpo simétrico con tres aletas dorsales y dos anales y una barbilla en la sínfisis de la mandíbula inferior
sobrevivir,intr. Dicho de una persona Vivir después de la muerte de otra o después de un determinado suceso
moralista,m. y f. Profesor de moral
fallecer,intr. morir llegar al término de la vida
adornar,tr. Engalanar con adornos U. t. c. prnl.
universal,adj. Perteneciente o relativo al universo
tensión,f. Estado de un cuerpo sometido a la acción de fuerzas opuestas que lo atraen
resaltar,intr. Dicho de un cuerpo elástico Botar repetidamente
eclipse,m. Astron. Ocultación transitoria total o parcial de un astro por interposición de otro cuerpo celeste
linchar,tr. Ejecutar sin proceso y tumultuariamente a un sospechoso o a un reo
individual,adj. Que concierne o corresponde al individuo persona cuyo nombre se ignora
arrojar,tr. Impeler con violencia algo de modo que recorra una distancia movido por el impulso que ha recibido
vajilla,f. Conjunto de platos fuentes vasos tazas etc., que se destinan al servicio de la mesa
utilizar,tr. Hacer que algo sirva para un fin
invertir,tr. Cambiar sustituyéndolos por sus contrarios la posición el orden o el sentido de las cosas U. t. en sent. fig.
unipartidismo,m. Sistema político basado en la existencia legal y el gobierno de un solo partido
misterio,m. Cosa arcana o muy recóndita que no se puede comprender o explicar
imaginar,tr. Representar en la mente la imagen de algo o de alguien  U. t. c. prnl.
golpista,adj. Perteneciente o relativo al golpe de Estado
ombligo,m. Cicatriz redonda que queda en medio del vientre después de romperse y secarse el cordón umbilical
palanca,f. Máquina simple que consiste esencialmente en una barra rígida que se apoya y puede girar sobre un punto y que sirve para transmitir una fuerza
fluctuar,intr. Dicho de un cuerpo Vacilar sobre las aguas por el movimiento agitado de ellas
atrapar,tr. Coger a quien huye o va deprisa
factible,adj. Que se puede hacer
gratitud,f. Sentimiento que obliga a una persona a estimar el beneficio o favor que otra le ha hecho o ha querido hacer y a corresponderle de alguna manera
naturalizar,tr. Admitir en un país como si de él fuera natural a una persona extranjera concediéndole los derechos e imponiéndole los deberes de los ciudadanos de ese país
limítrofe,adj. Confinante aledaño
verosímil,adj. Que tiene apariencia de verdadero
nefrología,f. Med. Rama de la medicina que se ocupa del riñón y de sus enfermedades
pinchar,tr. Clavar algo punzante en alguien o algo  U. t. c. prnl.
realidad,f. Existencia real y efectiva de algo
invitación,f. Acción y efecto de invitar o ser invitado
jaqueca,f. Dolor de cabeza recurrente e intenso con hipersensibilidad a los estímulos externos generalmente localizado en un lado de la cabeza y a veces acompañado de náuseas y vómitos
hipnosis,f. Estado producido por hipnotismo
madrugar,intr. Levantarse al amanecer o muy temprano
murmurar,intr. Dicho de la corriente de las aguas y también del viento de las hojas de los árboles etc.: Hacer ruido blando y apacible
eucalipto,m. Árbol originario de de la familia de las mirtáceas que puede llegar hasta m de altura con tronco derecho y copa cónica hojas persistentes olorosas glaucas coriáceas lanceoladas y colgantes flores amarillas axilares y fruto capsular de tres a cuatro celdas con muchas semillas El cocimiento de las hojas es febrífugo la corteza da un buen curtiente y la madera sirve para la construcción y carretería aunque es de fibra torcida El árbol es de gran utilidad para sanear terrenos pantanosos
escuchar,tr. Prestar atención a lo que se oye
ultramar,m. País o sitio que está de la otra parte del mar considerado desde el punto en que se habla
practicar,tr. Ejercitar poner en práctica algo que se ha aprendido y especulado
hematoma,m. Med. Acumulación de sangre en un tejido por rotura de un vaso sanguíneo
envidia,f. Tristeza o pesar del bien ajeno
borceguí,m. Calzado que llegaba hasta más arriba del tobillo abierto por delante y que se ajustaba por medio de correas o cordones
necrología,f. Noticia comentada acerca de una persona muerta hace poco tiempo
yacente,adj. Que yace
procesar,tr. Formar autos y procesos
posible,adj. Que puede ser o suceder
arquitectura,f. Arte de proyectar y construir edificios
kilobyte,m. Inform. Unidad equivalente a 10  Símb.
escribir,tr. Representar las palabras o las ideas con letras u otros signos trazados en papel u otra superficie U. t. c. intr.
jactancia,f. Alabanza propia desordenada y presuntuosa
excluir,tr. Quitar a alguien o algo del lugar que ocupaba o prescindir de él o de
refaccionar,tr. Am. Mer., Méx.  Restaurar o reparar especialmente edificios
sustancia,f. Materia caracterizada por un conjunto específico y estable de propiedades
exhibir,tr. Manifestar mostrar en público U. t. c. prnl.
hablante,adj. Que habla U. t. c. s.
ficción,f. Acción y efecto de fingir
resolver,tr. Solucionar un problema una duda una dificultad o algo que los entraña  U. t. c. prnl.
yihadista,adj. Partidario del yihadismo Apl. a pers., u. t. c. s.
kilotón,m. Fís. Unidad de energía liberada por un explosivo equivalente a la energía de la explosión de toneladas de trinitrotolueno Símb.
granjear,tr. Captar atraer conseguir
reflejar,tr. Dicho de una superficie lisa y brillante como el agua un espejo etc.: Formar la imagen de algo o de alguien  U. t. c. prnl.
enriquecer,tr. Hacer rica a una persona comarca nación fábrica industria u otra cosa U. m. c. prnl.
triunfar,intr. Quedar victorioso
legalizar,tr. Dar estado legal a algo
haraganear,intr. Rehuir el trabajo
sociable,adj. Naturalmente inclinado al trato y relación con las personas o que gusta de
espinaca,f. Planta hortense comestible anual de la familia de las quenopodiáceas con tallo ramoso hojas radicales estrechas agudas y suaves con pecíolos rojizos flores dioicas sin corola y semillas redondas o con cuernecillos según las variedades
enchufe,m. Acción y efecto de enchufar
disminuir,tr. Hacer menor la extensión la intensidad o el número de algo U. t. c. intr. y c. prnl.
malversar,tr. Apropiarse o destinar los caudales públicos a un uso ajeno a su función
maletín,m. Especie de maleta pequeña
calabaza,f. calabacera planta
ufanarse,prnl. Engreírse jactarse gloriarse
empezar,tr. Dar principio a algo
yuxtaponer,tr. Poner algo junto a otra cosa o inmediata a ella U. t. c. prnl.
diametral,adj. Perteneciente o relativo al diámetro
formidable,adj. Muy temible y que infunde asombro y miedo
juvenil,adj. Perteneciente o relativo a la juventud
saxofón,m. Instrumento musical de viento de metal con boquilla de madera caña y varias llaves que es de invención moderna y muy usado principalmente en las bandas militares y orquestas de
pedalear,intr. Poner en movimiento un pedal y especialmente el de los velocípedos y bicicletas
quebranto,m. Acción y efecto de quebrantar o quebrantarse
enfurecer,tr. Irritar a alguien ponerlo furioso U. t. c. prnl.
temblar,intr. Agitarse con sacudidas de poca amplitud rápidas y frecuentes
xilografía,f. Arte de grabar en madera
trasladar,tr. Llevar a alguien o algo de un lugar a otro U. t. c. prnl.
transparente,adj. Dicho de un cuerpo Que permite ver los objetos con nitidez a través de él
ultraísmo,m. Movimiento poético síntesis de las vanguardias surgido en y que durante varios años agrupó a algunos artistas españoles e hispanoamericanos
querella,f. Expresión de un dolor físico o de un sentimiento doloroso
pronóstico,m. Acción y efecto de pronosticar
yodoformo,m. Quím. Polvo amarillento derivado yodado del metano de olor muy fuerte que se usa en medicina como antiséptico
indicio,m. Fenómeno que permite conocer o inferir la existencia de otro no percibido
espacial,adj. Perteneciente o relativo al espacio
repercutir,intr. rebotar retroceder o cambiar de dirección
familiar,adj. Perteneciente o relativo a la familia
refrescante,adj. Que refresca
ladrido,m. Voz que emite con fuerza el perro más o menos parecida a la onomatopeya
ablandar,tr. Poner blando algo U. t. c. prnl.
totalidad,f. Cualidad de total
víveres,m. pl. Provisiones de boca de un ejército plaza o buque
riqueza,f. Abundancia de bienes y cosas preciosas
patriarcal,adj. Perteneciente o relativo al patriarca y a su autoridad y gobierno
belleza,f. Cualidad de bello
genital,adj. Que sirve para la generación
necesidad,f. Impulso irresistible que hace que las causas obren infaliblemente en cierto sentido
vislumbrar,tr. Ver un objeto tenue o confusamente por la distancia o falta de luz
identificar,tr. Hacer que dos o más cosas en realidad distintas aparezcan y se consideren como una misma U. m. c. prnl.
nominar,tr. Dar nombre
festejar,tr. Celebrar algo con una fiesta u otra manifestación de alegría o agrado
mantener,tr. Proveer a alguien del alimento necesario U. t. c. prnl.
existir,intr. Dicho de una cosa Ser real y verdadera
transmitir,tr. Trasladar transferir
importante,adj. Que importa
ingerir,tr. Introducir por la boca la comida bebida o medicamentos
galardón,m. Premio o recompensa de los méritos o servicios
reciente,adj. Nuevo fresco o acabado de hacer
justificar,tr. Probar algo con razones convincentes testigos o documentos
prestigio,m. Pública estima de alguien o de algo fruto de su mérito
ofrecer,tr. Comprometerse a dar hacer o decir algo
medieval,adj. Perteneciente o relativo a la Edad Media
xerografía,f. Procedimiento electrostático que utilizando conjuntamente la fotoconductividad y la atracción eléctrica concentra polvo colorante en las zonas negras o grises de una imagen registrada por la cámara oscura en una placa especial La imagen con el polvo colorante adherido pasa a un papel donde se fija mediante la acción del calor o de ciertos vapores
interrumpir,tr. Cortar la continuidad de algo en el lugar o en el tiempo U. t. c. prnl.
vainilla,f. Planta americana de la familia de las orquidáceas con tallos muy largos verdes sarmentosos y trepadores hojas enteras ovales u oblongas flores grandes verdosas y fruto capsular en forma de judía de unos cm de largo por uno de ancho que contiene muchas simientes menudas
urogallo,m. Ave gallinácea de unos cm de largo y hasta de envergadura con plumaje pardo negruzco jaspeado de gris patas y pico negros tarsos emplumados y cola redonda que vive en los bosques y en la época del celo da gritos roncos algo semejantes a un mugido
luminosidad,f. Cualidad de luminoso
ladrillo,m. Masa de arcilla en forma de paralelepípedo rectangular que después de cocida sirve para construir muros solar habitaciones etc.
popular,adj. Perteneciente o relativo al pueblo
glasear,tr. Dar brillo a la superficie de algo
sofocante,adj. Que sofoca
proteger,tr. Resguardar a una persona animal o cosa de un perjuicio o peligro poniéndole algo encima rodeándolo etc. U. t. c. prnl.
probable,adj. Verosímil o que se funda en razón prudente
recibir,tr. Dicho de una persona Tomar lo que le dan o le envían
aprender,tr. Adquirir el conocimiento de algo por medio del estudio o de la experiencia U. t. c. intr.
bilirrubina,f. Fisiol. Pigmento biliar de color amarillo
inflación,f. Acción y efecto de inflar
puntual,adj. Que llega a un lugar o que parte de él a la hora convenida
trasplantar,tr. Trasladar plantas del sitio en que están arraigadas y plantarlas en otro
navegar,intr. Desplazarse por el agua en un buque o en otra embarcación U. t. c. tr.
adorable,adj. Digno de adoración
lustrar,tr. Dar lustre y brillantez a algo como metales y piedras
densidad,f. Cualidad de denso
igualdad,f. Conformidad de algo con otra cosa en naturaleza forma calidad o cantidad
escuela,f. Establecimiento público donde se da a los niños la instrucción primaria
etiqueta,f. Ceremonial de los estilos usos y costumbres que se debe guardar en actos públicos solemnes
hacinamiento,m. Acción y efecto de hacinar
gestión,f. Acción y efecto de gestionar
inocente,adj. Libre de culpa U. t. c. s.
inhibir,tr. Impedir o reprimir el ejercicio de facultades o hábitos
repetir,tr. Volver a hacer lo que se había hecho o decir lo que se había dicho
felicitar,tr. Manifestar a alguien la satisfacción que se experimenta con motivo de algún suceso fausto para él U. t. c. prnl.
tartamudear,intr. Hablar o leer con pronunciación entrecortada y repitiendo las sílabas
regional,adj. Perteneciente o relativo a una región
maravillar,tr. Causar admiración a alguien
resistente,adj. Que resiste o es capaz de resistir
oficina,f. Local donde se hace se ordena o trabaja algo
víctima,f. Persona o animal sacrificado o destinado al sacrificio
unicidad,f. Cualidad de único
semilla,f. Parte del fruto de las fanerógamas que contiene el embrión de una futura planta protegido por una testa derivada de los tegumentos del primordio seminal
lencería,f. Ropa interior femenina
tobillo,m. Parte del cuerpo humano en donde se articula el pie con la pierna
jolgorio,m. coloq. Regocijo fiesta diversión bulliciosa
fracasar,intr. Dicho de una pretensión o de un proyecto frustrarse malograrse
documento,m. Diploma carta relación u otro escrito que ilustra acerca de algún hecho principalmente de los históricos
guardar,tr. Tener cuidado de algo o de alguien vigilarlo y defenderlo
hexagonal,adj. De forma de hexágono o semejante a él
formalizar,tr. Dar estructura formal a una proposición o a un discurso
opinión,f. Juicio o valoración que se forma una persona respecto de algo o de alguien
bizcocho,m. Dulce blando y esponjoso hecho generalmente con harina huevos y azúcar que se cuece en el horno
ultimar,tr. Dar fin a algo acabarlo concluirlo
languidecer,intr. Adolecer de languidez
guillotina,f. Máquina inventada en para decapitar a los reos de muerte
racional,adj. Perteneciente o relativo a la razón
endurecer,tr. Poner duro algo U. t. c. prnl.
irritante,adj. Que irrita
duración,f. Acción y efecto de durar
licenciatura,f. Grado universitario inmediatamente inferior al doctorado
permitir,tr. Dicho de quien tiene autoridad competente Dar su consentimiento para que otros hagan o dejen de hacer algo
bimestre,adj. p. us. bimestral.
fantasear,tr. Imaginar algo con la fantasía
disciplina,f. Doctrina instrucción de una persona especialmente en lo moral
habitar,tr. Vivir morar U. t. c. intr.
liderar,tr. Dirigir o estar a la cabeza de un grupo de un partido político de una competición etc.
resbalar,intr. Desplazarse involuntariamente sobre una superficie lisa o viscosa sin dejar de rozarla normalmente con alteración del equilibrio  U. t. c. prnl.
prestar,tr. Entregar algo a alguien para que lo utilice durante algún tiempo y después lo restituya o devuelva
jesuita,adj. Integrante de la fundada en por san en U. t. c. s. m.
suspender,tr. Levantar colgar o detener algo en alto o en el aire
decretar,tr. Dicho de la persona que tiene autoridad o facultades para Resolver decidir
sustituir,tr. Poner a alguien o algo en lugar de otra persona o cosa
sujetar,tr. Someter al dominio señorío o disposición de alguien U. t. c. prnl.
programar,tr. Formar programas previa declaración de lo que se piensa hacer y anuncio de las partes de que se ha de componer un acto o espectáculo o una serie de ellos
fascinante,adj. Sumamente atractivo
invocar,tr. Llamar en solicitud de ayuda de manera formal o ritual
enseñar,tr. Instruir doctrinar amaestrar con reglas o preceptos
regresar,tr. Am. Devolver o restituir algo a su poseedor
improvisación,f. Acción y efecto de improvisar
extinguir,tr. Hacer que cese el fuego o la luz U. t. c. prnl.
salvaje,adj. Dicho de una planta Que ha crecido sin ser cultivada
huracán,m. Viento muy impetuoso y temible que a modo de torbellino gira en grandes círculos cuyo diámetro crece a medida que avanza apartándose de las zonas de calma tropicales donde suele tener origen
flaquear,intr. Debilitarse ir perdiendo fuerza
guarecer,tr. Acoger a alguien ponerlo a cubierto de persecuciones o de ataques preservarlo de algún mal
unicornio,m. Animal fabuloso que fingieron los antiguos poetas de forma de caballo y con un cuerno recto en mitad de la frente
ocultar,tr. Esconder tapar disfrazar encubrir a la vista U. t. c. prnl.
ningunear,tr. No hacer caso de alguien no tomarlo en consideración
policía,f. Cuerpo encargado de velar por el mantenimiento del orden público y la seguridad de los ciudadanos a las órdenes de las autoridades políticas
malcriar,tr. Educar mal a los hijos condescendiendo demasiado con sus gustos y caprichos
umbilical,adj. Anat. Perteneciente o relativo al ombligo
imprudente,adj. Que no tiene prudencia U. t. c. s.
otorgar,tr. Consentir condescender o conceder algo que se pide o se pregunta
tolerante,adj. Que tolera o es propenso a la tolerancia
músculo,m. Órgano compuesto principalmente de fibras contráctiles
vertical,adj. Dicho de una recta o de un plano Que es perpendicular a un plano horizontal
optimista,adj. Que propende a ver y juzgar las cosas en su aspecto más favorable U. t. c. s.
ultimátum,m. En el lenguaje diplomático resolución terminante y definitiva comunicada por escrito
quitapenas,m. coloq. licor bebida espiritosa
seriedad,f. Cualidad de serio
felicidad,f. Estado de grata satisfacción espiritual y física
tropezar,intr. Dicho de una persona Dar con los pies en un obstáculo al ir andando con lo que se puede caer
nazismo,m. nacionalsocialismo.
servidumbre,f. Estado o condición de siervo
falsificar,tr. Falsear o adulterar algo
representar,tr. Hacer presente algo con palabras o figuras que la imaginación retiene U. t. c. prnl.
orquesta,f. Conjunto de músicos que interpretan obras musicales con diversos instrumentos y bajo la guía de un director
raqueta,f. Instrumento formado por un mango y una superficie oval generalmente un bastidor con una red de cuerdas tensadas que se emplea para golpear la pelota o el volante en juegos como el tenis el bádminton el pimpón etc.
rechazar,tr. Forzar a algo o a alguien a que retroceda
empobrecer,tr. Hacer que alguien venga al estado de pobreza
diabetes,f. Enfermedad metabólica caracterizada por eliminación excesiva de orina adelgazamiento sed intensa y otros trastornos generales
plenitud,f. Totalidad integridad o cualidad de pleno
televisión,f. Sistema de transmisión de imágenes a distancia a través de diferentes medios electromagnéticos y que se reproducen posteriormente en un aparato receptor
neumonía,f. Med. pulmonía.
explicación,f. Declaración o exposición de cualquier materia doctrina o texto con palabras claras o ejemplos para que se haga más perceptible
esmeralda,f. Gema transparente muy apreciada variedad del berilo teñida de verde por el óxido de cromo
infringir,tr. Quebrantar leyes órdenes etc.
función,f. Capacidad de actuar propia de los seres vivos y de sus órganos y de las máquinas o instrumentos
restablecer,tr. Volver a establecer algo o ponerlo en el estado que antes tenía
lectura,f. Acción de leer
envejecer,tr. Hacer viejo a alguien o algo
vulnerable,adj. Que puede ser herido o recibir lesión física o moralmente
favorable,adj. Que favorece
neutrón,m. Fís. Partícula sin carga eléctrica que forma parte del núcleo del átomo
insecto,m. Artrópodo de respiración traqueal con el cuerpo dividido distintamente en cabeza tórax y abdomen con un par de antenas y tres de patas y que en su mayoría tienen uno o dos pares de alas y sufren metamorfosis durante su desarrollo U. t. en pl. como taxón.
ejemplo,m. Caso o hecho sucedido en otro tiempo que se propone o bien para que se imite y siga si es bueno y honesto o para que se evite si es malo
sublime,adj. Excelso eminente de elevación extraordinaria U. m. en sent. fig. apl. a cosas morales o intelectuales
ultrasonido,m. Sonido cuya frecuencia de vibraciones es superior al límite perceptible por el oído humano Tiene muchas aplicaciones industriales y se emplea en medicina
transformar,tr. Hacer cambiar de forma a alguien o algo U. t. c. prnl.
fragmentar,tr. Reducir a fragmentos U. t. c. prnl.
voltear,tr. Dar vueltas a alguien o algo
quietud,f. Carencia de movimientos
asentir,intr. Admitir como cierto o conveniente lo que otra persona ha afirmado o propuesto antes
legislar,intr. Dar hacer o establecer leyes
perjudicar,tr. Ocasionar daño o menoscabo material o moral U. t. c. prnl.
acelerar,tr. Dar celeridad U. t. c. prnl.
fisurar,tr. Arg., Chile  Producir una fisura U. t. c. prnl.
marinar,tr. Conservar en crudo un alimento especialmente un pescado con adobo para que se ablande y adquiera la sazón y el aroma deseados
estremecer,tr. Hacer temblar algo
reciclar,tr. Someter un material usado a un proceso para que se pueda volver a utilizar
movimiento,m. Acción y efecto de mover
berberecho,m. Molusco bivalvo de unos cuatro centímetros de largo y conchas estriadas casi circulares que vive enterrado en la arena y es muy apreciado como comestible
iglesia,f. Congregación de los fieles cristianos en virtud del bautismo
repugnante,adj. Que repugna
sacudir,tr. Mover violentamente algo a una y otra parte U. t. c. prnl.
superar,tr. Ser superior a alguien
glacial,adj. De temperatura muy fría U. t. en sent. fig.
oxímoron,m. Ret. Combinación en una misma estructura sintáctica de dos palabras o expresiones de significado opuesto que originan un nuevo sentido como en
nombrar,tr. Decir el nombre de alguien o algo
original,adj. Perteneciente o relativo al origen
vomitar,tr. Arrojar violentamente por la boca lo contenido en el estómago U. t. c. intr.
relajante,adj. Que relaja
paisaje,m. Parte de un territorio que puede ser observada desde un determinado lugar
vicisitud,f. Orden sucesivo o alternativo de algo
cinturón,m. Tira especialmente de cuero y en general provista de una hebilla que se usa para sujetar o ceñir a la cintura una prenda de vestir
moldear,tr. Hacer molduras en algo
disentir,intr. No ajustarse al sentir o parecer de alguien
triturar,tr. Moler o desmenuzar una materia sólida sin reducirla enteramente a polvo
sombrero,m. Prenda para cubrir la cabeza que consta de copa y ala
remolque,m. Acción y efecto de remolcar
archivo,m. Conjunto ordenado de documentos que una persona una sociedad una institución etc., producen en el ejercicio de sus funciones o actividades
subrayar,tr. Señalar por debajo con una raya alguna letra palabra o frase escrita para llamar la atención sobre ella o con cualquier otro fin
fenomenal,adj. Perteneciente o relativo al fenómeno
kilómetro,m. Unidad de longitud equivalente a metros Símb.
indispensable,adj. Que no se puede dispensar
jeringa,f. Instrumento compuesto de un tubo que termina por su parte anterior en un cañoncito delgado y dentro del cual juega un émbolo por medio del que asciende primero y se arroja o inyecta después un líquido cualquiera
decente,adj. Honesto justo debido
redactar,tr. Poner por escrito algo sucedido acordado o pensado con anterioridad
ecografía,f. Técnica empleada en medicina y que permite la exploración del interior del cuerpo mediante ultrasonidos
versátil,adj. Que se vuelve o se puede volver fácilmente
remover,tr. Pasar o mudar algo de un lugar a otro U. t. c. prnl.
jacarandá,m. Árbol ornamental americano de la familia de las bignoniáceas de gran porte con follaje caedizo y flores tubulares de color azul violáceo
narcisista,adj. Perteneciente o relativo al narcisismo
intolerante,adj. Que no tiene tolerancia U. t. c. s.
olfatear,tr. Oler con ahínco y persistentemente
kinesiología,f. Med. Conjunto de los procedimientos terapéuticos encaminados a restablecer la normalidad de los movimientos del cuerpo humano
ultravioleta,adj. Fís. Dicho de una radiación Que se encuentra entre el extremo violeta del espectro visible y los rayos X y provoca reacciones químicas de gran repercusión biológica U. t. c. s. m.
garabatear,intr. Echar los garabatos para agarrar o asir algo y sacarlo de donde está metido
jengibre,m. Planta de la de la familia de las cingiberáceas con hojas radicales lanceoladas casi lineales flores en espiga de corola purpúrea sobre un escapo central de a cm de alto fruto capsular bastante pulposo y con varias semillas y rizoma del grueso de un dedo algo aplastado nudoso y ceniciento por fuera blanco amarillento por dentro de olor aromático y de sabor acre y picante como el de la pimienta y que se usa en medicina y como especia
leyenda,f. Narración de sucesos fantásticos que se transmite por tradición
vociferar,tr. Manifestar ligera y jactanciosamente algo
malherir,tr. Herir gravemente
afeitar,tr. Cortar a alguien a ras de la piel la barba el bigote o el pelo de cualquier parte del cuerpo  U. m. c. prnl. refl.
degradar,tr. Privar a alguien de las dignidades honores empleos y privilegios que tiene
tranvía,m. Ferrocarril establecido en una calle o camino carretero
provocar,tr. Producir o causar algo   Era
inscribir,tr. Grabar letreros en metal piedra u otra materia
negligente,adj. descuidado. U. t. c. s.
planeta,m. Cuerpo celeste sin luz propia que gira en una órbita elíptica alrededor de una estrella en particular los que giran alrededor del Sol la Tierra y
visible,adj. Que se puede ver
garantizar,tr. Dar garantía
maldecir,tr. Echar maldiciones contra alguien o algo
irracional,adj. Que carece de razón Apl. a animales u. t. c. s.
inclinación,f. Acción y efecto de inclinar o inclinarse
pasividad,f. Cualidad de pasivo
zapatería,f. Lugar donde se hacen o venden zapatos
liquidar,tr. Hacer líquido algo sólido o gaseoso U. t. c. prnl.
justipreciar,tr. Apreciar o tasar algo
ultrasensible,adj. Dotado de una sensibilidad superior a la normal
irregular,adj. Que está fuera de regla
traducir,tr. Expresar en una lengua lo que está escrito o se ha expresado antes en otra
trabajo,m. Acción y efecto de trabajar
ingrediente,m. Cosa que entra con otras en un remedio una bebida un guisado u otro compuesto U. t. en sent. fig.
varonil,adj. Perteneciente o relativo al varón
internet,m. o f. Red informática mundial descentralizada formada por la conexión directa entre computadoras mediante un protocolo especial de comunicación
vegetal,adj. Perteneciente o relativo a las plantas
ganancia,f. Acción y efecto de ganar
encender,tr. Iniciar la combustión de algo U. t. c. prnl.
madurar,tr. Hacer que un fruto alcance el grado de desarrollo adecuado para ser consumido
improbable,adj. No probable
automóvil,adj. Que se mueve por sí mismo Dicho principalmente de los vehículos que pueden ser guiados para marchar por una vía ordinaria sin necesidad de carriles y llevan un motor generalmente de combustión interna o eléctrico que los propulsa U. m. c. s. m.
renovar,tr. Hacer como de nuevo algo o volverlo a su primer estado U. t. c. prnl.
constelación,f. Conjunto de estrellas que mediante trazos imaginarios forman un dibujo que evoca una figura determinada
calendario,m. Sistema de representación del paso de los días agrupados en unidades superiores como semanas meses años etc.
ultraderecha,f. Derecha política de ideología extremista
granate,m. Piedra fina compuesta de silicato doble de alúmina y de hierro u otros óxidos metálicos Su color varía desde el de los granos de granada al rojo negro verde amarillo violáceo y anaranjado
wéstern,m. Género de películas del lejano
jugarreta,f. coloq. Jugada mal hecha y sin conocimiento del juego
rebeldía,f. Cualidad de rebelde
ambulancia,f. Vehículo destinado al transporte de heridos y enfermos y de elementos de cura y auxilio
jornada,f. día período de horas
seleccionar,tr. Elegir escoger por medio de una selección
semáforo,m. Aparato eléctrico de señales luminosas para regular la circulación
ecología,f. Ciencia que estudia los seres vivos como habitantes de un medio y las relaciones que mantienen entre sí y con el propio medio
ornamental,adj. Perteneciente o relativo a la ornamentación o adorno
sorprender,tr. Pillar desprevenido
gentileza,f. Gallardía garbo y bizarría
docilidad,f. Cualidad de dócil
helicóptero,m. Aeronave que a diferencia del avión se sostiene merced a un rotor de eje oblicuo movido por un motor lo que le permite elevarse y descender verticalmente
urdimbre,f. Estambre o pie después de urdido
nebulizar,tr. Transformar un líquido en partículas finísimas que forman una especie de nubecilla
diferenciar,tr. Hacer distinción conocer la diversidad de las cosas
impregnar,tr. Penetrar las partículas de un cuerpo en las de otro fijándose por afinidades mecánicas o fisicoquímicas  U. t. c. prnl.
humanidad,f. naturaleza humana.
vigilar,tr. Observar algo o a alguien atenta y cuidadosamente U. t. c. intr.
camaleón,m. Reptil saurio de cuerpo comprimido cola prensil y ojos de movimiento independiente Se alimenta de insectos que caza con su lengua larga y pegajosa y posee la facultad de cambiar de color según las condiciones ambientales
prometer,tr. Obligarse a hacer decir o dar algo
envolver,tr. Cubrir un objeto parcial o totalmente ciñéndolo de tela papel u otra cosa análoga
lateral,adj. Situado a un lado de una cosa
urticante,adj. Que produce comezón semejante a las picaduras de ortiga
máscara,f. Figura que representa un rostro humano de animal o puramente imaginario con la que una persona puede cubrirse la cara para no ser reconocida tomar el aspecto de otra o practicar ciertas actividades escénicas o rituales
marginar,tr. Poner acotaciones o apostillas al margen de un texto
invierno,m. Estación del año que astronómicamente comienza en el solsticio del mismo nombre y termina en el equinoccio de primavera
silvestre,adj. Dicho de una planta Criada naturalmente y sin cultivo
gerencia,f. Cargo de gerente
artesanal,adj. artesano perteneciente a la artesanía
laberinto,m. Lugar formado artificiosamente por calles y encrucijadas para confundir a quien se adentre en él de modo que no pueda acertar con la salida
abominable,adj. Digno de ser abominado
ultraizquierda,f. Izquierda política de ideología extremista
náhuatl,adj. Dicho de una persona Que habla el náhuatl y habita en diversas zonas de U. t. c. s.
tripular,tr. Dotar de tripulación a un barco o a un aparato de locomoción aérea
funeral,adj. Perteneciente o relativo al entierro y a las exequias
fastidiar,tr. Enfadar disgustar o ser molesto a alguien
carabela,f. Antigua embarcación de vela de poco tonelaje y escaso calado con una sola cubierta y dos o tres palos
incapaz,adj. Que no tiene capacidad o aptitud para algo
invisible,adj. Que no puede ser visto
manantial,adj. p. us. Que mana o brota
recaudación,f. Acción de recaudar
transpirar,intr. Dicho del cuerpo Exudar a través del tegumento U. t. c. prnl.
mercantil,adj. Perteneciente o relativo al mercader a la mercancía o al comercio
sincronizar,tr. Hacer que coincidan en el tiempo dos o más movimientos o fenómenos
embarazo,m. Impedimento dificultad obstáculo
windsurf,m. Deporte que consiste en deslizarse por el agua sobre una tabla especial provista de una vela
virtual,adj. Que tiene virtud para producir un efecto aunque no lo produce de presente frecuentemente en oposición a  o
vacunar,tr. Comunicar o aplicar el virus vacuno a alguien para preservar de las viruelas naturales U. t. c. prnl.
legible,adj. Que se puede leer
hipoteca,f. Derecho real que grava bienes materiales sujetándolos a responder del cumplimiento de una obligación dineraria
indulgencia,f. Facilidad en perdonar o disimular las culpas o en conceder gracias
novelar,tr. Referir un suceso con forma o apariencia de novela
reunión,f. Acción y efecto de reunir
veracidad,f. Cualidad de veraz
corolario,m. Proposición que no necesita prueba particular y se deduce con facilidad de lo demostrado previamente
usufructuar,tr. Der. Tener o gozar el usufructo de una cosa
registrar,tr. Mirar examinar algo con cuidado y diligencia
factura,f. Cuenta en que se detallan con su precio los artículos vendidos o los servicios realizados y que se entrega al cliente para exigir su pago
purificar,tr. Quitar de algo lo que le es extraño dejándolo en el ser y perfección que debe tener según su calidad U. t. c. prnl.
yogurtera,f. Electrodoméstico para hacer yogur
reparar,tr. Arreglar algo que está roto o estropeado
intervenir,tr. Examinar y censurar las cuentas con autoridad suficiente para
oscuridad,f. Falta de luz para percibir las cosas
vapulear,tr. Zarandear de un lado a otro a alguien o algo
zambullir,tr. Meter debajo del agua con ímpetu o de golpe U. t. c. prnl.
satisfacer,tr. Pagar enteramente lo que se debe
quimera,f. En la mitología clásica monstruo imaginario que vomitaba llamas y tenía cabeza de león vientre de cabra y cola de dragón
tragedia,f. En la antigua género teatral en verso que con ayuda de un coro y varios actores desarrolla temas de la antigua épica centrados en el sufrimiento la muerte y las peripecias dolorosas de la vida humana con un final funesto y que mueve a la compasión o al espanto
levitar,intr. Dicho de una persona o de una cosa Elevarse en el espacio sin intervención de agentes físicos conocidos
intención,f. Determinación de la voluntad en orden a un fin
gambetear,intr. Hacer gambetas
fábrica,f. Establecimiento dotado de la maquinaria herramienta e instalaciones necesarias para la fabricación de ciertos objetos obtención de determinados productos o transformación industrial de una fuente de energía
lamentable,adj. Que merece ser lamentado o es digno de llorarse
positividad,f. Cualidad de positivo
resumen,m. Acción y efecto de resumir o resumirse
evaluación,f. Acción y efecto de evaluar
habilidad,f. Capacidad y disposición para algo
xenofobia,f. Fobia a lo extranjero o a los extranjeros
lubricar,tr. Aplicar a algo una sustancia que disminuya la fricción entre superficies en contacto
inverosímil,adj. Que no es verosímil
esclarecer,tr. Iluminar algo ponerlo claro y luciente
municipio,m. Entidad local formada por los vecinos de un determinado territorio para gestionar autónomamente sus intereses comunes
ocasional,adj. Que solo ocurre o actúa en alguna ocasión
palabra,f. Unidad lingüística dotada generalmente de significado que se separa de las demás mediante pausas potenciales en la pronunciación y blancos en la escritura
unidimensional,adj. De una sola dimensión
impedir,tr. Estorbar o imposibilitar la ejecución de algo
ignorante,adj. Que ignora o desconoce algo
kilocaloría,f. Fís. Unidad de energía equivalente a calorías Símb.
orientación,f. Acción y efecto de orientar u orientarse
yuntero,m. Labrador que utiliza una pareja de animales o yunta
gimotear,intr. despect. Gemir con insistencia y con poca fuerza por causa leve
abandonar,tr. Dejar solo algo o a alguien alejándose de o dejando de cuidarlo
ultratumba,f. Ámbito más allá de la muerte
preferir,tr. Dar la preferencia U. t. c. prnl.
